temperature,pressure
298,3.530571062
308,3.758785333
318,3.970002872
328,4.166054309
338,4.348516496
348,4.518755008
358,4.677958382
368,4.827165908
378,4.967290341
388,5.099136588
398,5.223417182
408,5.340765164
