temperature,pressure
298,3392.900018
308,5738.327528
318,9332.604721
328,14657.31121
338,22310.8695
348,33018.32269
358,47638.5333
368,67168.53995
378,92744.96477
388,125642.5053
398,167269.663
408,219161.9542
